-- phpMyAdmin SQL Dump
-- version 4.5.1
-- http://www.phpmyadmin.net
--
-- Host: 127.0.0.1
-- Generation Time: 07 Des 2017 pada 16.31
-- Versi Server: 10.1.9-MariaDB
-- PHP Version: 5.5.30

SET SQL_MODE = "NO_AUTO_VALUE_ON_ZERO";
SET time_zone = "+00:00";


/*!40101 SET @OLD_CHARACTER_SET_CLIENT=@@CHARACTER_SET_CLIENT */;
/*!40101 SET @OLD_CHARACTER_SET_RESULTS=@@CHARACTER_SET_RESULTS */;
/*!40101 SET @OLD_COLLATION_CONNECTION=@@COLLATION_CONNECTION */;
/*!40101 SET NAMES utf8mb4 */;

--
-- Database: `kelulusan`
--

-- --------------------------------------------------------

--
-- Struktur dari tabel `cek`
--

CREATE TABLE `cek` (
  `nim` char(9) NOT NULL
) ENGINE=InnoDB DEFAULT CHARSET=latin1;

-- --------------------------------------------------------

--
-- Struktur dari tabel `mahasiswa`
--

CREATE TABLE `mahasiswa` (
  `nim` char(9) NOT NULL,
  `id_wali` int(11) DEFAULT NULL,
  `nama_mhs` varchar(40) DEFAULT NULL,
  `th_masuk` year(4) DEFAULT NULL,
  `status` enum('LC','LT','LL','BL') DEFAULT NULL
) ENGINE=InnoDB DEFAULT CHARSET=latin1;

--
-- Dumping data untuk tabel `mahasiswa`
--

INSERT INTO `mahasiswa` (`nim`, `id_wali`, `nama_mhs`, `th_masuk`, `status`) VALUES
('035610050', 132315076, 'ABDUL FATTA MANDAR', 2003, 'LL'),
('055610025', 921041, 'ASHARI NUGROHO', 2005, 'LL'),
('065610061', 921041, 'SIGIT JATMIKO', 2006, 'LL'),
('075610039', 132315076, 'MULIYADHI DJAFAR', 2007, 'LL'),
('075610064', 921041, 'LUKAS JATMIKO', 2007, 'LL'),
('075610153', 921041, 'DANCE SENTUF', 2007, 'LL'),
('085610003', 921042, 'FAHRUL WREDHA KUMARA', 2008, 'LT'),
('085610034', 921041, 'ANTONIO DA RESSURREICAO BELO', 2008, 'LL'),
('085610036', 921041, 'DOMO', 2008, 'LL'),
('085610072', 921041, 'MUHAMMAD ROZAQ EKO PRATAMA YINATA', 2008, 'LL'),
('085610080', 921042, 'MUSLIM JAWA', 2008, 'LT'),
('085610081', 921042, 'ALI ACHMAD', 2008, 'LT'),
('085610111', 132312055, 'AFFIF AS''AD', 2008, 'LT'),
('085610112', 132315076, 'JOSE OLIVEIRA RODRIGUES', 2008, 'LL'),
('085610118', 132312055, 'FADLUR RAHMAN', 2008, 'LT'),
('085610121', 921041, 'RINA SYANTRI MAALETE', 2008, 'LL'),
('085610123', 921041, 'FRANSISCA IMACULADA BEREK', 2008, 'LL'),
('085610137', 132315076, 'SUGIANTI', 2008, 'LL'),
('085610165', 921041, 'VICTOR NDARA NDUKA', 2008, 'LL'),
('095610017', 132315076, 'AMALIA ROMADONA NUZULIANTO', 2009, 'LL'),
('095610027', 921041, 'MARTHEN SOFYANSEN RIWU ROHI', 2009, 'LL'),
('095610036', 921042, 'MARKUS KARIPI LAMBA NGGADING', 2009, 'LT'),
('095610037', 132315076, 'DWI HARYADI', 2009, 'LL'),
('095610040', 921042, 'FRANCISCUS XAVERIUS HARI PRASETYO', 2009, 'LT'),
('095610048', 132315076, 'BATUR EKAYOGA PRIBADI', 2009, 'LL'),
('095610050', 921041, 'SAHISTYA JATI', 2009, 'LL'),
('095610056', 132312055, 'INDRA ARIANTO', 2009, 'LT'),
('095610059', 132315076, 'YULIUS WILIFRIDUS TORING', 2009, 'LL'),
('095610063', 921041, 'ANDIKA SAPUTRA', 2009, 'LL'),
('095610066', 132315076, 'MARGHA NOVRIANSYAH', 2009, 'LL'),
('095610069', 132315076, 'TRI MULYANI', 2009, 'LL'),
('095610070', 921041, 'AMBARWATI', 2009, 'LL'),
('095610083', 132315076, 'JAMES VALDANO ULEMLEM', 2009, 'LL'),
('095610090', 921041, 'HEKSANIAR CENDRAWATI', 2009, 'LL'),
('095610094', 132315076, 'YUHDIE ARMANDA', 2009, 'LL'),
('095610098', 921041, 'FARID RAMADHANI', 2009, 'LL'),
('095610100', 921041, 'PRATIWI TRI ANGGOROWATI', 2009, 'LL'),
('095610104', 132315076, 'ROPI RAHMANTO', 2009, 'LL'),
('095610111', 921041, 'HERLAMBANG BAYU AJI', 2009, 'LL'),
('095610116', 921041, 'ZADRAK HERMAN SARAKAN', 2009, 'LL'),
('095610122', 132312055, 'ILYASIN', 2009, 'LT'),
('095610143', 921041, 'ABDUL ROKHMAN', 2009, 'LL'),
('095610155', 921041, 'EKO MARJIANTO JS', 2009, 'LL'),
('095610172', 132315076, 'ARIF SUSENO', 2009, 'LL'),
('105610004', 132315076, 'DION ARYA PAMUNGKAS', 2010, 'LT'),
('105610007', 921041, 'FITRIAN WIDYA NUGRAHA', 2010, 'LL'),
('105610015', 132315076, 'KIKI DWI CHANDRA', 2010, 'LT'),
('105610025', 132312055, 'RUSTAM RUSDI', 2010, 'LT'),
('105610044', 151194, 'IRFAN NURDIAN AFRIADI', 2010, 'LL'),
('105610050', 151194, 'IMAM BAYU KILAT', 2010, 'LL'),
('105610054', 921041, 'FRANSISKUS BERNADETUS ANGGA KUSUMA', 2010, 'LL'),
('105610057', 151194, 'VERI WIJANARKO', 2010, 'LL'),
('105610058', 132312055, 'MUHLISHATUN NISWAH', 2010, 'LT'),
('105610062', 132315076, 'DENY FIRMANSYAH', 2010, 'LT'),
('105610063', 132315076, 'CINTHIA AGATA YUSTARINA', 2010, 'LT'),
('105610066', 132315076, 'I KETUT ALIT SATRIA WIBAWA', 2010, 'LT'),
('105610071', 921041, 'ANA MARIA DE JESUS AMARAL', 2010, 'LL'),
('105610078', 921041, 'HENDRIYANTO', 2010, 'LL'),
('105610080', 132312490, 'DIMAS ADI PRASETYA', 2010, 'LL'),
('105610081', 132315076, 'DIONISIUS MARIA SIRILIUS TAHA', 2010, 'LT'),
('105610083', 132315076, 'ARWEN PRAMANA PUTRA', 2010, 'LT'),
('105610087', 132312490, 'OFRI YUNUS SAPYA', 2010, 'LL'),
('105610090', 132315076, 'IRA FEBRILIYANA', 2010, 'LT'),
('105610091', 132315076, 'RAHMAD QADRI', 2010, 'LT'),
('105610093', 132315076, 'HENDRA WIJAYA', 2010, 'LT'),
('105610097', 132315076, 'DAKRONI', 2010, 'LT'),
('105610100', 132315076, 'RONNY ADHI SAPUTRO', 2010, 'LT'),
('105610101', 132315076, 'AHMAD NUR FAUZI', 2010, 'LT'),
('105610102', 132315076, 'MUCHTAR BENGA AMA', 2010, 'LT'),
('105610104', 132315076, 'DIDIT SULISTYANTO', 2010, 'LT'),
('105610105', 921041, 'WISUDHAWAN ADI NUGROHO', 2010, 'LL'),
('105610107', 151194, 'MARSIX ANDRI', 2010, 'LL'),
('105610108', 132315076, 'PUJI KINARYO', 2010, 'LT'),
('105610109', 132315076, 'BAGUS HARUN FAJAR ARMINSYAH', 2010, 'LT'),
('105610112', 921041, 'DANIEL', 2010, 'LL'),
('105610121', 921041, 'DOMINGOS SOARES FERNANDES', 2010, 'LT'),
('105610132', 921041, 'ANDRI JOILISTIANTO SAUDALE', 2010, 'LT'),
('105610142', 921041, 'BAYU SASMITO', 2010, 'LT'),
('105610147', 921041, 'WAHYUDIANTO', 2010, 'LT'),
('105610148', 921041, 'IZUL MUTAQIN', 2010, 'LT'),
('105610150', 921041, 'DEDI WARDOYO', 2010, 'LT'),
('1111', 921042, 'Xavier', 2016, 'BL'),
('115610004', 921041, 'I KETUT WISNU WIJAYA', 2011, 'LT'),
('115610005', 921042, 'MUHAMMAD RIVAI', 2011, 'LT'),
('115610007', 921041, 'HOGY PITERSAN MELSY', 2011, 'LC'),
('115610008', 921041, 'OKKI DANANG WIRAWAN', 2011, 'LT'),
('115610009', 921041, 'ARIF HENDRAWAN', 2011, 'LT'),
('115610011', 921041, 'HUMAIDI HIDAYATULLAH', 2011, 'LT'),
('115610016', 921041, 'ANTONIUS WISNU SUSANTO PUTRO', 2011, 'LT'),
('115610017', 921041, 'MOH. ADI MUKTI', 2011, 'LC'),
('115610018', 132312055, 'LUKAS VANDOHOP', 2011, 'LT'),
('115610020', 921041, 'TANTI RUSMIATI', 2011, 'LC'),
('115610021', 921041, 'YOHANES SURYADI DADUR', 2011, 'LT'),
('115610022', 132312490, 'ANTONIUS EFFENDY RUSLIM', 2011, 'LL'),
('115610023', 921041, 'YASHINTA ARTIKASARI', 2011, 'LC'),
('115610024', 921041, 'EL VERA ROSLIYANI', 2011, 'LT'),
('115610025', 921041, 'YEN HEFRIYENI', 2011, 'LC'),
('115610026', 921041, 'VIVI ANDARINI', 2011, 'LC'),
('115610028', 921041, 'PANJI WAHYUDI AGUSTORO', 2011, 'LC'),
('115610032', 921041, 'TYAS AYU NOVITASARI', 2011, 'LC'),
('115610036', 151194, 'DICKY SAPUTRA', 2011, 'LT'),
('115610037', 151194, 'RIO SATRIA NUGRAHA', 2011, 'LT'),
('115610040', 151194, 'WINDA DESTRIA DAMAYANTI', 2011, 'LT'),
('115610042', 921041, 'TIKA SARTIANTIKA', 2011, 'LC'),
('115610045', 51150, 'MUHAMMAD KHOLIL', 2011, 'LT'),
('115610046', 51150, 'MUHAMMAD WAFIQ', 2011, 'LT'),
('115610047', 921041, 'MUHAMAD GHANI ARASID', 2011, 'LT'),
('115610049', 921042, 'MARISCA PUSPITA FITRIE', 2011, 'LT'),
('115610050', 921041, 'AGUNG NUGROHO', 2011, 'LT'),
('115610051', 921041, 'YENI MULYANI', 2011, 'LC'),
('115610052', 921041, 'PUTRI WULANDARI', 2011, 'LT'),
('115610053', 921041, 'ABDUL HAYYI NU''MAN', 2011, 'LC'),
('115610055', 921041, 'LATIF', 2011, 'LC'),
('115610056', 51150, 'WIJI WINARKO', 2011, 'LT'),
('115610058', 51150, 'WANDA SULFA PRATAMA', 2011, 'LT'),
('115610059', 921041, 'SRI AYU YUNUS', 2011, 'LT'),
('115610060', 51150, 'BAMBANG PRAMONO', 2011, 'LT'),
('115610062', 132312490, 'ANANG APRIYANTO', 2011, 'LL'),
('115610066', 132312055, 'APOLONARIS HARPEN KARES', 2011, 'LT'),
('115610067', 132312055, 'ADI DWI PRASETYO', 2011, 'LT'),
('115610068', 921042, 'VIA SARI HANDAYANI', 2011, 'LT'),
('115610069', 921041, 'APRILLIYANTI RAHAYU', 2011, 'LC'),
('115610071', 921041, 'YOHANES KATINJA UBARNING', 2011, 'LT'),
('115610072', 921041, 'RUDI IRAWAN', 2011, 'LT'),
('115610073', 921041, 'THEODORUS TEME', 2011, 'LT'),
('115610074', 921042, 'DJAMALUDDIN MUHAMMAD USMAN', 2011, 'LT'),
('115610075', 921041, 'NUR AYU SAFITRI', 2011, 'LT'),
('115610081', 921041, 'ROIS FERDINAND SINAMBELA', 2011, 'LT'),
('115610082', 921041, 'RUBEN TOGATOROP', 2011, 'LT'),
('115610083', 51150, 'MUHAMMAD NUR HELMI', 2011, 'LT'),
('115610084', 921041, 'ANDRE WILIANTARA', 2011, 'LT'),
('115610085', 921041, 'UNGGUL CAHYONO', 2011, 'LT'),
('115610087', 51150, 'GRETA CAVALCANTI LARANJINHA PINTO', 2011, 'LT'),
('115610090', 921041, 'ANNISA MAYANG BAHTERA', 2011, 'LC'),
('115610091', 921041, 'ILHAM RAHMAN', 2011, 'LT'),
('115610092', 51150, 'RASYID IQBAL', 2011, 'LT'),
('115610094', 51150, 'ANOP TUGIYONO', 2011, 'LT'),
('115610097', 921041, 'DIAN PRASETYA', 2011, 'LT'),
('115610103', 51150, 'RIA BALAROSI', 2011, 'LT'),
('115610106', 132312055, 'KHAIRUL IMAM', 2011, 'LT'),
('115610111', 51150, 'MASKUR RIFAI', 2011, 'LT'),
('115610112', 921041, 'NOVIAN HANA SAPUTRO', 2011, 'LT'),
('115610114', 921041, 'ABD. ROZAK', 2011, 'LC'),
('115610116', 921041, 'ANGGITA RESTU OSCARIKA FEBRIASI', 2011, 'LC'),
('115610117', 132312055, 'DODY YULIANTO', 2011, 'LT'),
('115610118', 132312490, 'DWI AMANU ROHMADI', 2011, 'LL'),
('115610119', 921041, 'MUHAMAD ISWAHYUDI', 2011, 'LT'),
('115610120', 921041, 'YASIR AMRI', 2011, 'LC'),
('115610133', 921042, 'NURUL ARIFIN', 2011, 'LT'),
('115610142', 921042, 'ANGGI NOVINA DEWI', 2011, 'LT'),
('115610144', 921042, 'M. SABRI', 2011, 'LT'),
('125610004', 921042, 'MOCHAMAD ALI', 2012, 'LT'),
('125610006', 921042, 'DANNAR MEI SETIAWAN', 2012, 'LT'),
('125610014', 132312055, 'ADHITYA BAYU ARIEF PRAMUJI', 2012, 'LT'),
('125610017', 132312055, 'SUDARYANTO', 2012, 'LT'),
('125610022', 132312490, 'WASIH', 2012, 'LT'),
('125610023', 921041, 'PERIANTU MARHENDRI SABUNA', 2012, 'LC'),
('125610024', 921042, 'ADE TARYANA', 2012, 'LT'),
('125610025', 132312055, 'DIKA SETIA PRATAMA', 2012, 'LT'),
('125610030', 132312490, 'RINDHI ELI PERESTI', 2012, 'LT'),
('125610031', 132312055, 'YOEL NIKANOR LOURIS KOROH', 2012, 'LT'),
('125610035', 132312490, 'DENY TRIAWAN', 2012, 'LT'),
('125610036', 132312055, 'M. BAHA''UDIN', 2012, 'LT'),
('125610037', 921042, 'ANISA REVIYANA SAKTI', 2012, 'LT'),
('125610041', 132312490, 'EKA LESTARI', 2012, 'LT'),
('125610042', 132312490, 'BUDIANHIR', 2012, 'LT'),
('125610043', 132312055, 'AHMAD TOHAR', 2012, 'LT'),
('125610050', 132312055, 'SHOHIB TOHIR', 2012, 'LT'),
('125610051', 921042, 'ATIKAH NURUL RAMADHANI', 2012, 'LT'),
('125610054', 921042, 'AHMAD ARIFIN HAMIM', 2012, 'LT'),
('125610055', 132312055, 'DESSY DINA MARIANA MANDUBUN', 2012, 'LT'),
('125610056', 132312055, 'IBRAHIM NURLATUN', 2012, 'LT'),
('125610059', 132312055, 'SAPRIADI', 2012, 'LT'),
('125610060', 132312055, 'FITRA PIRATAMA JODE', 2012, 'LT'),
('125610065', 132312490, 'MUHAMMAD AKROM ZIHAD', 2012, 'LT'),
('125610069', 132312055, 'YOKA KOSTADIO KAPELLA', 2012, 'LT'),
('125610072', 132312055, 'SOFIANI', 2012, 'LT'),
('125610075', 132312490, 'ANDREAS PRASTYA WIBOWO', 2012, 'LT'),
('125610076', 132312055, 'HENI NURHIDAYATI', 2012, 'LT'),
('125610077', 132312055, 'MOHAMAD ARBA''AH', 2012, 'LT'),
('125610080', 132312055, 'NUR ''AFIFAH SAFITRI', 2012, 'LT'),
('125610081', 132312055, 'SUKMAWATI DARMO PUTRI', 2012, 'LT'),
('125610083', 132312055, 'HERMAWAN M.', 2012, 'LT'),
('125610084', 132312055, 'HENRY ARISTYA', 2012, 'LT'),
('125610088', 132312055, 'AMBRIN', 2012, 'LT'),
('125610092', 132312490, 'YAFASCO NGADHO NGABA', 2012, 'LT'),
('125610095', 132312055, 'YASIS', 2012, 'LT'),
('125610096', 132312055, 'BOBBY RACHMAN', 2012, 'LT'),
('125610098', 132312055, 'TRI SEPTA KURNIA', 2012, 'LT'),
('125610106', 132312055, 'DESI AGUSTARI', 2012, 'LT'),
('125610115', 132312055, 'FEGI PRANATA', 2012, 'LT'),
('125610118', 132312490, 'DEMY OCTIANA AZMIANTI', 2012, 'LT'),
('125610120', 132312055, 'MARCELINUS WAHYUDHA EKO DANU', 2012, 'LT'),
('125610121', 132312055, 'FAHRUL ARISTANTO', 2012, 'LT'),
('125610122', 132312055, 'M. ARIFUDIN', 2012, 'LT'),
('125610123', 132312490, 'FUAD SETIYADI', 2012, 'LT'),
('125610125', 132312055, 'RICHO HENDRA HUWAE', 2012, 'LT'),
('125610128', 132315076, 'ERDA AYU SARASWATI', 2012, 'LT'),
('125610129', 132312055, 'EKI SURYO SYAHPUTRO', 2012, 'LT'),
('125610130', 132315076, 'GUSTRIA WAHYU PRASETYA HIDAYAT', 2012, 'LT'),
('125610131', 132315076, 'ROBERTUS BELLAMIRNUS RIKU', 2012, 'LT'),
('125610132', 132312490, 'AMIRIN SYAIFUDIN', 2012, 'LT'),
('125610133', 132315076, 'EKA CANDRA PRIATMA', 2012, 'LT'),
('125610134', 132315076, 'MELINA CAHYA DEVI', 2012, 'LT'),
('125610135', 132315076, 'DWI ARIYANTO', 2012, 'LT'),
('125610136', 132315076, 'BINTI SULIS RAHMATIN', 2012, 'LT'),
('125610139', 132312055, 'AFAIF QOZAFI AHMAD', 2012, 'LT'),
('125610140', 132315076, 'RAHMAD AMINNADI', 2012, 'LT'),
('125610141', 132315076, 'ADI CATUR PAMUNGKAS', 2012, 'LT'),
('125610142', 132315076, 'DENI HIKMANTO', 2012, 'LT'),
('125610143', 921041, 'RAGIL SADEWO', 2012, 'LT'),
('125610146', 921041, 'NOORCAHYO AJI WIBOWO', 2012, 'LT'),
('125610150', 132315076, 'WILLIAM SAPUTRO DWIANTO', 2012, 'LT'),
('125610155', 921041, 'MUHAMMAD TIAS RAHMADANI', 2012, 'LT'),
('125610157', 132312055, 'INTAN PURNAMASARI', 2012, 'LT'),
('125610159', 132312055, 'ROSARDI VIDIASTAMA', 2012, 'LT'),
('125610163', 921041, 'PLASIDIA HERLINDA SALONGA', 2012, 'LT'),
('125610166', 132312055, 'ERMA ARBAIN', 2012, 'LT'),
('125610167', 132312055, 'JUSTINO SOUSA DE''SA', 2012, 'LT'),
('125610170', 132312055, 'HERDY ARIEF WIBOWO', 2012, 'LT'),
('125610172', 921041, 'NANA PANDIAWAN', 2012, 'LC'),
('125610173', 921041, 'SATRIO PINANDHITO', 2012, 'LT'),
('125610175', 921041, 'INOCENSIUS HARIANTO', 2012, 'LT'),
('125610176', 132312055, 'SINGGIH MUKTI PRABOWO', 2012, 'LT'),
('125610178', 921041, 'GEORGE DE FRETES', 2012, 'LT'),
('125610183', 132312055, 'APRIASTUTI', 2012, 'LT'),
('125610185', 132312055, 'AGUSTINUS WIDOYOKO', 2012, 'LT'),
('125610187', 132312055, 'OKTO HENDRO YUDO', 2012, 'LT'),
('125610193', 921041, 'TRI NOVASARI', 2012, 'LT'),
('125610194', 921041, 'AJI SETIAWAN', 2012, 'LT'),
('125610199', 132312055, 'IKHSAN TRI WARDANA JATI', 2012, 'LT'),
('125610202', 921041, 'FITHRIAH RINI', 2012, 'LC'),
('125610203', 921042, 'NURUL HARDIANTI', 2012, 'LT'),
('125610204', 132312055, 'WASTI ASPATA DALFON RISSY', 2012, 'LT'),
('125610206', 132312055, 'ANDRI TRI WIDIYATMOKO', 2012, 'LT'),
('125610216', 921041, 'AS''AD ALI MA''SUM', 2012, 'LT'),
('125610220', 921042, 'AGUS MELAN', 2012, 'LT'),
('125610228', 921041, 'SETYANI', 2012, 'LT'),
('135610008', 921041, 'LINA SETIYANINGSIH', 2013, 'LC'),
('135610012', 921041, 'SYAMSUL FAJRI', 2013, 'LT'),
('135610017', 921041, 'DONY ENDRIYONO', 2013, 'LC'),
('135610019', 921041, 'RIA FADMASARI WIBOWO', 2013, 'LC'),
('135610025', 921041, 'NOVITA AMYLIA ASTUTY', 2013, 'LT'),
('135610026', 921041, 'DIKA IKA RIANGGA', 2013, 'LT'),
('135610027', 921041, 'ANGGRAINI RAMADHANI', 2013, 'LC'),
('135610034', 921041, 'DEVI PERMATASARI', 2013, 'LT'),
('135610039', 921041, 'KHOLIFAH NUR HABIBAH', 2013, 'LT'),
('135610046', 921041, 'BUJANG PUTRO WICAKSONO', 2013, 'LC'),
('135610048', 921041, 'DODY ADI NUGROHO', 2013, 'LC'),
('135610058', 921041, 'SABAR ARIFIN', 2013, 'LT'),
('135610064', 921041, 'NAUFAL RIZA FATAHILLAH', 2013, 'LT'),
('135610072', 921041, 'HERU BAGUS NUGROHO', 2013, 'LT'),
('135610075', 921041, 'ADITYA DHANI SABANG SAPUTRA', 2013, 'LC'),
('135610077', 921041, 'MAR''ATUL CHOTIMAH', 2013, 'LT'),
('135610082', 921041, 'HIDAYAT ROHMAN', 2013, 'LC'),
('135610089', 921041, 'M. PRASETYA UTAMA', 2013, 'LT'),
('135610113', 921041, 'DEDE KALIMATA', 2013, 'LT'),
('135610116', 921041, 'ELISABETY OKMINOP ALIM', 2013, 'LT'),
('135610123', 921041, 'RIZKI ADIGUNO WIBOWO', 2013, 'LC'),
('135610126', 921041, 'SRIWANI PADU LEMBA', 2013, 'LT'),
('135610140', 921041, 'SRI PUJI INDRAYANTI', 2013, 'LC'),
('135610152', 921041, 'SAHRUN NAWAWI', 2013, 'LC'),
('135610157', 921041, 'FRANSISCUS XAVERIUS DWI KRESNO', 2013, 'LC'),
('135610160', 921041, 'M. TRUBUS SUGIYOSALAM', 2013, 'LT'),
('135610162', 921041, 'WARHAM', 2013, 'LT'),
('135610166', 921041, 'DIAN ANGGARA', 2013, 'LT'),
('165610103', 2, 'VOLTA', 2016, 'BL'),
('165610121', 132312490, 'Nani Subekti', 2016, 'BL'),
('165610122', 2, 'Sri Yuliyanti', 2016, 'BL'),
('165610123', 2, 'Abdul Hafizh', 2016, 'BL'),
('165610125', 51150, 'Andika', 2016, 'BL');

-- --------------------------------------------------------

--
-- Struktur dari tabel `nilai_semester`
--

CREATE TABLE `nilai_semester` (
  `id_nilai` int(11) NOT NULL,
  `nim` char(9) DEFAULT NULL,
  `semester` int(2) DEFAULT NULL,
  `sks` int(2) DEFAULT NULL,
  `ips` decimal(10,2) DEFAULT NULL
) ENGINE=InnoDB DEFAULT CHARSET=latin1;

--
-- Dumping data untuk tabel `nilai_semester`
--

INSERT INTO `nilai_semester` (`id_nilai`, `nim`, `semester`, `sks`, `ips`) VALUES
(1, '035610050', 1, 21, '1.71'),
(2, '075610039', 1, 21, '1.62'),
(3, '085610112', 1, 21, '1.95'),
(4, '085610137', 1, 21, '1.90'),
(5, '095610017', 1, 21, '2.86'),
(6, '095610037', 1, 21, '1.76'),
(7, '095610048', 1, 21, '1.10'),
(8, '095610059', 1, 21, '1.24'),
(9, '095610066', 1, 21, '1.86'),
(10, '095610069', 1, 21, '1.90'),
(11, '095610083', 1, 21, '1.95'),
(12, '095610094', 1, 21, '2.05'),
(13, '095610104', 1, 21, '1.62'),
(14, '095610172', 1, 21, '3.10'),
(15, '105610004', 1, 21, '3.29'),
(16, '105610015', 1, 21, '2.52'),
(17, '105610062', 1, 21, '1.67'),
(18, '105610063', 1, 21, '2.00'),
(19, '105610066', 1, 21, '2.14'),
(20, '105610081', 1, 21, '2.57'),
(21, '105610083', 1, 21, '2.14'),
(22, '105610090', 1, 21, '2.57'),
(23, '105610091', 1, 21, '3.19'),
(24, '105610093', 1, 21, '2.67'),
(25, '105610097', 1, 21, '2.38'),
(26, '105610100', 1, 21, '2.38'),
(27, '105610101', 1, 21, '2.52'),
(28, '105610102', 1, 21, '2.57'),
(29, '105610104', 1, 21, '2.81'),
(30, '105610108', 1, 21, '2.10'),
(31, '105610109', 1, 21, '2.33'),
(32, '105610121', 1, 21, '2.10'),
(33, '105610132', 1, 21, '0.29'),
(34, '105610142', 1, 21, '2.10'),
(35, '105610147', 1, 21, '1.81'),
(36, '105610148', 1, 21, '2.19'),
(37, '105610150', 1, 21, '2.90'),
(38, '115610007', 1, 21, '3.00'),
(39, '115610017', 1, 21, '3.10'),
(40, '115610020', 1, 21, '2.76'),
(41, '115610023', 1, 21, '3.71'),
(42, '115610025', 1, 21, '3.57'),
(43, '115610026', 1, 21, '2.86'),
(44, '115610028', 1, 21, '3.24'),
(45, '115610032', 1, 21, '3.10'),
(46, '115610042', 1, 21, '3.14'),
(47, '115610051', 1, 21, '3.67'),
(48, '115610053', 1, 21, '2.24'),
(49, '115610055', 1, 21, '2.95'),
(50, '115610069', 1, 21, '3.90'),
(51, '115610090', 1, 21, '3.71'),
(52, '115610114', 1, 21, '3.48'),
(53, '115610116', 1, 21, '3.14'),
(54, '115610120', 1, 21, '2.90'),
(55, '125610023', 1, 20, '3.26'),
(56, '125610172', 1, 17, '3.04'),
(57, '125610202', 1, 20, '3.10'),
(58, '075610153', 1, 21, '0.86'),
(59, '085610121', 1, 21, '2.10'),
(60, '085610123', 1, 21, '2.10'),
(61, '085610165', 1, 21, '2.00'),
(62, '095610050', 1, 21, '2.57'),
(63, '095610063', 1, 21, '1.86'),
(64, '095610070', 1, 21, '2.24'),
(65, '095610090', 1, 21, '0.57'),
(66, '095610100', 1, 21, '1.90'),
(67, '095610143', 1, 21, '2.43'),
(68, '095610155', 1, 20, '2.44'),
(69, '105610054', 1, 21, '3.19'),
(70, '105610071', 1, 21, '1.86'),
(71, '105610078', 1, 21, '1.76'),
(72, '105610105', 1, 21, '2.24'),
(73, '105610112', 1, 21, '1.90'),
(74, '115610004', 1, 21, '2.57'),
(75, '115610008', 1, 21, '2.67'),
(76, '115610009', 1, 21, '2.86'),
(77, '115610011', 1, 21, '2.57'),
(78, '115610016', 1, 21, '3.29'),
(79, '115610021', 1, 21, '2.29'),
(80, '115610024', 1, 21, '2.10'),
(81, '115610047', 1, 21, '2.62'),
(82, '115610050', 1, 21, '2.76'),
(83, '115610052', 1, 21, '3.62'),
(84, '115610059', 1, 21, '2.86'),
(85, '115610071', 1, 21, '2.57'),
(86, '115610072', 1, 21, '2.62'),
(87, '115610073', 1, 21, '2.57'),
(88, '115610075', 1, 21, '2.76'),
(89, '115610081', 1, 21, '2.86'),
(90, '115610082', 1, 21, '2.62'),
(91, '115610084', 1, 21, '2.90'),
(92, '115610085', 1, 21, '2.71'),
(93, '115610091', 1, 21, '3.14'),
(94, '115610097', 1, 21, '2.57'),
(95, '115610112', 1, 21, '3.24'),
(96, '115610119', 1, 21, '2.33'),
(97, '055610025', 1, 7, '2.29'),
(98, '065610061', 1, 21, '2.00'),
(99, '075610064', 1, 21, '0.29'),
(100, '085610036', 1, 21, '1.52'),
(101, '085610072', 1, 21, '2.48'),
(102, '095610027', 1, 21, '0.82'),
(103, '095610098', 1, 21, '1.68'),
(104, '105610007', 1, 21, '2.05'),
(105, '105610044', 1, 21, '1.67'),
(106, '105610050', 1, 21, '1.57'),
(107, '105610057', 1, 21, '2.24'),
(108, '105610107', 1, 21, '2.19'),
(109, '115610036', 1, 21, '2.86'),
(110, '115610037', 1, 21, '2.81'),
(111, '115610040', 1, 21, '2.95'),
(112, '115610045', 1, 21, '2.24'),
(113, '115610046', 1, 21, '2.90'),
(114, '115610056', 1, 21, '2.67'),
(115, '115610058', 1, 21, '2.57'),
(116, '115610060', 1, 21, '2.60'),
(117, '115610083', 1, 21, '2.86'),
(118, '115610087', 1, 21, '2.14'),
(119, '115610092', 1, 21, '2.19'),
(120, '115610094', 1, 21, '2.00'),
(121, '115610103', 1, 21, '2.95'),
(122, '115610111', 1, 21, '3.29'),
(123, '115610133', 1, 21, '2.29'),
(124, '115610142', 1, 20, '2.56'),
(125, '115610144', 1, 21, '2.92'),
(126, '125610024', 1, 21, '2.62'),
(127, '125610037', 1, 21, '3.48'),
(128, '125610051', 1, 21, '3.62'),
(129, '125610054', 1, 21, '3.24'),
(130, '125610203', 1, 21, '3.52'),
(131, '125610220', 1, 21, '3.56'),
(132, '085610003', 1, 16, '2.26'),
(133, '085610080', 1, 21, '1.76'),
(134, '085610081', 1, 21, '2.05'),
(135, '095610036', 1, 21, '1.43'),
(136, '095610040', 1, 21, '1.62'),
(137, '115610005', 1, 21, '2.38'),
(138, '115610049', 1, 21, '2.71'),
(139, '115610068', 1, 21, '2.38'),
(140, '115610074', 1, 21, '2.81'),
(141, '125610004', 1, 21, '2.67'),
(142, '125610006', 1, 21, '2.33'),
(143, '125610022', 1, 21, '3.19'),
(144, '125610030', 1, 21, '2.88'),
(145, '125610035', 1, 21, '2.67'),
(146, '125610041', 1, 21, '2.76'),
(147, '125610065', 1, 21, '2.52'),
(148, '125610075', 1, 21, '2.33'),
(149, '125610092', 1, 21, '2.95'),
(150, '125610118', 1, 21, '3.71'),
(151, '125610123', 1, 21, '2.86'),
(152, '125610132', 1, 21, '2.90'),
(153, '125610139', 1, 21, '2.76'),
(154, '125610157', 1, 21, '2.86'),
(155, '125610159', 1, 21, '3.36'),
(156, '125610166', 1, 21, '2.81'),
(157, '125610167', 1, 21, '2.78'),
(158, '125610170', 1, 21, '2.56'),
(159, '125610176', 1, 21, '3.24'),
(160, '125610183', 1, 21, '3.90'),
(161, '125610185', 1, 21, '2.86'),
(162, '125610187', 1, 21, '2.81'),
(163, '125610199', 1, 21, '3.05'),
(164, '125610204', 1, 21, '3.33'),
(165, '125610206', 1, 21, '3.33'),
(166, '085610111', 1, 21, '1.33'),
(167, '085610118', 1, 21, '2.67'),
(168, '095610056', 1, 21, '1.43'),
(169, '095610122', 1, 21, '1.61'),
(170, '105610025', 1, 21, '1.38'),
(171, '105610058', 1, 21, '3.05'),
(172, '115610018', 1, 21, '2.10'),
(173, '115610066', 1, 21, '2.57'),
(174, '115610067', 1, 21, '2.00'),
(175, '115610106', 1, 21, '2.29'),
(176, '115610117', 1, 21, '2.76'),
(177, '125610014', 1, 21, '2.71'),
(178, '125610017', 1, 21, '2.43'),
(179, '125610025', 1, 21, '2.71'),
(180, '125610031', 1, 21, '2.43'),
(181, '125610036', 1, 21, '2.29'),
(182, '125610043', 1, 21, '2.24'),
(183, '125610059', 1, 21, '2.19'),
(184, '125610060', 1, 21, '2.76'),
(185, '125610072', 1, 21, '2.67'),
(186, '125610076', 1, 21, '2.48'),
(187, '125610077', 1, 21, '2.43'),
(188, '125610080', 1, 21, '2.67'),
(189, '125610081', 1, 21, '2.86'),
(190, '125610095', 1, 21, '2.10'),
(191, '125610096', 1, 21, '2.52'),
(192, '125610098', 1, 21, '2.21'),
(193, '125610115', 1, 21, '3.00'),
(194, '125610120', 1, 21, '2.33'),
(195, '125610121', 1, 21, '2.65'),
(196, '125610125', 1, 21, '2.81'),
(197, '125610128', 1, 21, '3.33'),
(198, '125610130', 1, 21, '3.00'),
(199, '125610131', 1, 21, '2.86'),
(200, '125610134', 1, 21, '3.62'),
(201, '125610136', 1, 21, '2.76'),
(202, '125610140', 1, 21, '2.76'),
(203, '125610141', 1, 21, '2.76'),
(204, '125610142', 1, 21, '3.43'),
(205, '125610150', 1, 21, '3.14'),
(206, '125610173', 1, 21, '2.90'),
(207, '125610175', 1, 21, '3.05'),
(208, '125610193', 1, 21, '2.76'),
(209, '125610194', 1, 21, '2.48'),
(210, '125610216', 1, 21, '3.00'),
(211, '125610228', 1, 21, '3.29'),
(212, '135610008', 1, 21, '3.43'),
(213, '135610017', 1, 21, '2.33'),
(214, '135610019', 1, 21, '2.76'),
(215, '135610027', 1, 21, '2.57'),
(216, '135610046', 1, 21, '3.62'),
(217, '135610048', 1, 21, '3.10'),
(218, '135610075', 1, 21, '3.19'),
(219, '135610082', 1, 21, '3.19'),
(220, '135610123', 1, 21, '3.86'),
(221, '135610140', 1, 21, '3.38'),
(222, '135610152', 1, 21, '2.62'),
(223, '135610157', 1, 21, '3.62'),
(224, '085610034', 1, 20, '1.00'),
(225, '095610111', 1, 21, '2.14'),
(226, '095610116', 1, 21, '1.10'),
(227, '105610080', 1, 21, '1.48'),
(228, '105610087', 1, 21, '2.24'),
(229, '115610022', 1, 21, '1.76'),
(230, '115610062', 1, 21, '2.05'),
(231, '115610118', 1, 21, '2.14'),
(232, '125610042', 1, 21, '2.10'),
(233, '125610050', 1, 21, '2.14'),
(234, '125610055', 1, 21, '1.56'),
(235, '125610056', 1, 21, '1.86'),
(236, '125610069', 1, 21, '2.33'),
(237, '125610083', 1, 21, '2.71'),
(238, '125610084', 1, 21, '2.48'),
(239, '125610088', 1, 21, '2.29'),
(240, '125610106', 1, 21, '2.10'),
(241, '125610122', 1, 21, '2.80'),
(242, '125610129', 1, 21, '2.86'),
(243, '125610133', 1, 21, '2.33'),
(244, '125610135', 1, 21, '2.33'),
(245, '125610143', 1, 21, '3.24'),
(246, '125610146', 1, 21, '3.14'),
(247, '125610155', 1, 21, '2.67'),
(248, '125610163', 1, 21, '2.29'),
(249, '125610178', 1, 21, '2.38'),
(250, '135610012', 1, 21, '2.14'),
(251, '135610025', 1, 21, '2.76'),
(252, '135610026', 1, 21, '3.33'),
(253, '135610034', 1, 21, '2.43'),
(254, '135610039', 1, 21, '2.29'),
(255, '135610058', 1, 21, '2.71'),
(256, '135610064', 1, 21, '2.76'),
(257, '135610072', 1, 21, '3.10'),
(258, '135610077', 1, 21, '2.57'),
(259, '135610089', 1, 21, '2.71'),
(260, '135610113', 1, 21, '2.71'),
(261, '135610116', 1, 21, '2.90'),
(262, '135610126', 1, 21, '2.86'),
(263, '135610160', 1, 21, '2.90'),
(264, '135610162', 1, 21, '3.19'),
(265, '135610166', 1, 21, '2.90'),
(266, '035610050', 2, 15, '2.00'),
(267, '075610039', 2, 17, '2.35'),
(268, '085610112', 2, 15, '1.87'),
(269, '085610137', 2, 16, '1.75'),
(270, '095610017', 2, 21, '2.62'),
(271, '095610037', 2, 18, '1.44'),
(272, '095610048', 2, 13, '0.46'),
(273, '095610059', 2, 13, '1.92'),
(274, '095610066', 2, 16, '0.00'),
(275, '095610069', 2, 16, '0.63'),
(276, '095610083', 2, 16, '1.81'),
(277, '095610094', 2, 20, '2.00'),
(278, '095610104', 2, 18, '1.50'),
(279, '095610172', 2, 20, '1.40'),
(280, '105610004', 2, 23, '3.48'),
(281, '105610015', 2, 21, '2.52'),
(282, '105610062', 2, 16, '2.31'),
(283, '105610063', 2, 19, '2.16'),
(284, '105610066', 2, 20, '2.20'),
(285, '105610081', 2, 21, '2.76'),
(286, '105610083', 2, 19, '1.68'),
(287, '105610090', 2, 21, '2.76'),
(288, '105610091', 2, 23, '3.04'),
(289, '105610093', 2, 21, '2.86'),
(290, '105610097', 2, 19, '1.68'),
(291, '105610100', 2, 20, '2.80'),
(292, '105610101', 2, 21, '2.33'),
(293, '105610102', 2, 21, '2.62'),
(294, '105610104', 2, 21, '2.71'),
(295, '105610108', 2, 18, '2.28'),
(296, '105610109', 2, 20, '3.00'),
(297, '105610121', 2, 20, '2.85'),
(298, '105610132', 2, 13, '2.38'),
(299, '105610142', 2, 20, '2.00'),
(300, '105610147', 2, 16, '2.06'),
(301, '105610148', 2, 20, '2.75'),
(302, '105610150', 2, 21, '2.81'),
(303, '115610007', 2, 21, '3.67'),
(304, '115610017', 2, 23, '3.22'),
(305, '115610020', 2, 21, '3.19'),
(306, '115610023', 2, 24, '3.88'),
(307, '115610025', 2, 24, '3.96'),
(308, '115610026', 2, 21, '3.29'),
(309, '115610028', 2, 23, '3.22'),
(310, '115610032', 2, 23, '3.57'),
(311, '115610042', 2, 24, '3.29'),
(312, '115610051', 2, 23, '3.96'),
(313, '115610053', 2, 20, '2.65'),
(314, '115610055', 2, 21, '2.48'),
(315, '115610069', 2, 23, '3.70'),
(316, '115610090', 2, 23, '3.74'),
(317, '115610114', 2, 23, '3.35'),
(318, '115610116', 2, 21, '2.67'),
(319, '115610120', 2, 21, '2.90'),
(320, '125610023', 2, 23, '2.78'),
(321, '125610172', 2, 18, '2.22'),
(322, '125610202', 2, 23, '2.91'),
(323, '075610153', 2, 13, '0.85'),
(324, '085610121', 2, 18, '2.06'),
(325, '085610123', 2, 20, '1.10'),
(326, '085610165', 2, 16, '1.69'),
(327, '095610050', 2, 21, '3.62'),
(328, '095610063', 2, 16, '1.44'),
(329, '095610070', 2, 16, '1.25'),
(330, '095610090', 2, 15, '2.20'),
(331, '095610100', 2, 16, '0.69'),
(332, '095610143', 2, 18, '1.89'),
(333, '095610155', 2, 18, '1.67'),
(334, '105610054', 2, 23, '3.00'),
(335, '105610071', 2, 15, '1.47'),
(336, '105610078', 2, 16, '2.31'),
(337, '105610105', 2, 20, '3.00'),
(338, '105610112', 2, 15, '2.73'),
(339, '115610004', 2, 21, '3.10'),
(340, '115610008', 2, 20, '3.05'),
(341, '115610009', 2, 21, '3.14'),
(342, '115610011', 2, 21, '2.81'),
(343, '115610016', 2, 24, '3.25'),
(344, '115610021', 2, 18, '2.00'),
(345, '115610024', 2, 20, '3.05'),
(346, '115610047', 2, 20, '2.95'),
(347, '115610050', 2, 21, '3.24'),
(348, '115610052', 2, 23, '3.70'),
(349, '115610059', 2, 21, '3.33'),
(350, '115610071', 2, 21, '1.95'),
(351, '115610072', 2, 21, '3.19'),
(352, '115610073', 2, 21, '2.71'),
(353, '115610075', 2, 21, '2.57'),
(354, '115610081', 2, 21, '2.67'),
(355, '115610082', 2, 21, '3.10'),
(356, '115610084', 2, 21, '3.00'),
(357, '115610085', 2, 21, '2.81'),
(358, '115610091', 2, 21, '3.10'),
(359, '115610097', 2, 21, '2.95'),
(360, '115610112', 2, 23, '3.65'),
(361, '115610119', 2, 20, '2.75'),
(362, '055610025', 2, 21, '1.95'),
(363, '065610061', 2, 16, '0.67'),
(364, '075610064', 2, 13, '0.00'),
(365, '085610036', 2, 12, '1.83'),
(366, '085610072', 2, 20, '0.00'),
(367, '095610027', 2, 13, '0.00'),
(368, '095610098', 2, 16, '1.63'),
(369, '105610007', 2, 20, '2.30'),
(370, '105610044', 2, 14, '2.71'),
(371, '105610050', 2, 14, '1.93'),
(372, '105610057', 2, 20, '1.85'),
(373, '105610107', 2, 20, '2.20'),
(374, '115610036', 2, 21, '2.86'),
(375, '115610037', 2, 21, '2.76'),
(376, '115610040', 2, 21, '2.79'),
(377, '115610045', 2, 20, '2.65'),
(378, '115610046', 2, 21, '3.24'),
(379, '115610056', 2, 21, '3.10'),
(380, '115610058', 2, 21, '2.57'),
(381, '115610060', 2, 21, '2.57'),
(382, '115610083', 2, 21, '2.90'),
(383, '115610087', 2, 18, '2.39'),
(384, '115610092', 2, 18, '2.33'),
(385, '115610094', 2, 18, '2.61'),
(386, '115610103', 2, 21, '3.19'),
(387, '115610111', 2, 21, '3.19'),
(388, '115610133', 2, 17, '2.88'),
(389, '115610142', 2, 21, '2.81'),
(390, '115610144', 2, 21, '3.19'),
(391, '125610024', 2, 21, '3.33'),
(392, '125610037', 2, 23, '3.70'),
(393, '125610051', 2, 23, '3.78'),
(394, '125610054', 2, 23, '3.52'),
(395, '125610203', 2, 23, '3.65'),
(396, '125610220', 2, 24, '2.96'),
(397, '085610003', 2, 10, '1.70'),
(398, '085610080', 2, 16, '2.06'),
(399, '085610081', 2, 16, '2.38'),
(400, '095610036', 2, 16, '1.63'),
(401, '095610040', 2, 16, '1.56'),
(402, '115610005', 2, 18, '2.67'),
(403, '115610049', 2, 20, '2.95'),
(404, '115610068', 2, 20, '2.40'),
(405, '115610074', 2, 21, '2.33'),
(406, '125610004', 2, 21, '2.71'),
(407, '125610006', 2, 21, '2.67'),
(408, '125610022', 2, 23, '3.39'),
(409, '125610030', 2, 21, '2.48'),
(410, '125610035', 2, 21, '1.90'),
(411, '125610041', 2, 21, '2.90'),
(412, '125610065', 2, 21, '3.19'),
(413, '125610075', 2, 21, '2.90'),
(414, '125610092', 2, 21, '2.67'),
(415, '125610118', 2, 23, '3.48'),
(416, '125610123', 2, 23, '3.09'),
(417, '125610132', 2, 21, '2.19'),
(418, '125610139', 2, 21, '2.86'),
(419, '125610157', 2, 21, '2.86'),
(420, '125610159', 2, 24, '3.46'),
(421, '125610166', 2, 21, '3.14'),
(422, '125610167', 2, 21, '2.33'),
(423, '125610170', 2, 13, '3.31'),
(424, '125610176', 2, 21, '3.43'),
(425, '125610183', 2, 23, '3.87'),
(426, '125610185', 2, 21, '2.52'),
(427, '125610187', 2, 21, '2.52'),
(428, '125610199', 2, 21, '3.43'),
(429, '125610204', 2, 23, '2.83'),
(430, '125610206', 2, 23, '2.83'),
(431, '085610111', 2, 13, '1.62'),
(432, '085610118', 2, 21, '2.48'),
(433, '095610056', 2, 11, '0.00'),
(434, '095610122', 2, 16, '0.00'),
(435, '105610025', 2, 13, '1.85'),
(436, '105610058', 2, 23, '2.83'),
(437, '115610018', 2, 16, '2.56'),
(438, '115610066', 2, 21, '1.52'),
(439, '115610067', 2, 18, '0.00'),
(440, '115610106', 2, 20, '2.25'),
(441, '115610117', 2, 21, '2.63'),
(442, '125610014', 2, 21, '2.52'),
(443, '125610017', 2, 20, '2.80'),
(444, '125610025', 2, 21, '3.24'),
(445, '125610031', 2, 18, '2.61'),
(446, '125610036', 2, 18, '2.78'),
(447, '125610043', 2, 18, '3.39'),
(448, '125610059', 2, 18, '2.56'),
(449, '125610060', 2, 21, '2.29'),
(450, '125610072', 2, 21, '3.14'),
(451, '125610076', 2, 20, '2.55'),
(452, '125610077', 2, 18, '2.17'),
(453, '125610080', 2, 21, '2.62'),
(454, '125610081', 2, 20, '2.45'),
(455, '125610095', 2, 17, '2.59'),
(456, '125610096', 2, 21, '2.67'),
(457, '125610098', 2, 17, '2.12'),
(458, '125610115', 2, 23, '2.74'),
(459, '125610120', 2, 18, '2.50'),
(460, '125610121', 2, 21, '2.62'),
(461, '125610125', 2, 23, '3.04'),
(462, '125610128', 2, 21, '2.95'),
(463, '125610130', 2, 23, '2.96'),
(464, '125610131', 2, 21, '1.76'),
(465, '125610134', 2, 21, '3.24'),
(466, '125610136', 2, 21, '2.52'),
(467, '125610140', 2, 21, '2.57'),
(468, '125610141', 2, 21, '2.38'),
(469, '125610142', 2, 23, '2.96'),
(470, '125610150', 2, 23, '2.91'),
(471, '125610173', 2, 21, '3.00'),
(472, '125610175', 2, 21, '2.71'),
(473, '125610193', 2, 20, '2.76'),
(474, '125610194', 2, 18, '2.50'),
(475, '125610216', 2, 23, '3.04'),
(476, '125610228', 2, 23, '3.09'),
(477, '135610008', 2, 23, '3.78'),
(478, '135610017', 2, 21, '3.14'),
(479, '135610019', 2, 23, '3.26'),
(480, '135610027', 2, 21, '3.43'),
(481, '135610046', 2, 23, '3.43'),
(482, '135610048', 2, 23, '3.65'),
(483, '135610075', 2, 23, '3.52'),
(484, '135610082', 2, 23, '3.52'),
(485, '135610123', 2, 23, '3.65'),
(486, '135610140', 2, 24, '3.38'),
(487, '135610152', 2, 21, '2.86'),
(488, '135610157', 2, 24, '3.38'),
(489, '085610034', 2, 21, '1.38'),
(490, '095610111', 2, 19, '0.79'),
(491, '095610116', 2, 11, '1.55'),
(492, '105610080', 2, 13, '2.62'),
(493, '105610087', 2, 15, '0.00'),
(494, '115610022', 2, 16, '1.93'),
(495, '115610062', 2, 18, '2.19'),
(496, '115610118', 2, 20, '2.50'),
(497, '125610042', 2, 21, '2.24'),
(498, '125610050', 2, 18, '2.56'),
(499, '125610055', 2, 16, '2.19'),
(500, '125610056', 2, 16, '1.94'),
(501, '125610069', 2, 21, '2.67'),
(502, '125610083', 2, 21, '2.05'),
(503, '125610084', 2, 21, '2.86'),
(504, '125610088', 2, 17, '2.47'),
(505, '125610106', 2, 21, '1.81'),
(506, '125610122', 2, 21, '2.29'),
(507, '125610129', 2, 20, '0.33'),
(508, '125610133', 2, 18, '2.11'),
(509, '125610135', 2, 21, '2.24'),
(510, '125610143', 2, 22, '3.41'),
(511, '125610146', 2, 23, '3.00'),
(512, '125610155', 2, 21, '2.62'),
(513, '125610163', 2, 18, '1.33'),
(514, '125610178', 2, 18, '2.17'),
(515, '135610012', 2, 18, '2.78'),
(516, '135610025', 2, 21, '3.24'),
(517, '135610026', 2, 23, '3.52'),
(518, '135610034', 2, 18, '2.89'),
(519, '135610039', 2, 18, '2.94'),
(520, '135610058', 2, 21, '2.52'),
(521, '135610064', 2, 21, '3.38'),
(522, '135610072', 2, 23, '3.78'),
(523, '135610077', 2, 21, '3.05'),
(524, '135610089', 2, 21, '2.38'),
(525, '135610113', 2, 21, '3.00'),
(526, '135610116', 2, 21, '2.95'),
(527, '135610126', 2, 23, '3.09'),
(528, '135610160', 2, 20, '3.00'),
(529, '135610162', 2, 23, '3.52'),
(530, '135610166', 2, 21, '2.48'),
(531, '035610050', 3, 20, '1.11'),
(532, '075610039', 3, 19, '1.21'),
(533, '085610112', 3, 16, '1.38'),
(534, '085610137', 3, 16, '1.38'),
(535, '095610017', 3, 21, '2.62'),
(536, '095610037', 3, 13, '2.00'),
(537, '095610048', 3, 13, '0.23'),
(538, '095610059', 3, 16, '1.13'),
(539, '095610066', 3, 13, '2.54'),
(540, '095610069', 3, 13, '2.31'),
(541, '095610083', 3, 21, '1.81'),
(542, '095610094', 3, 20, '2.15'),
(543, '095610104', 3, 15, '2.00'),
(544, '095610172', 3, 12, '2.08'),
(545, '105610004', 3, 20, '3.05'),
(546, '105610015', 3, 20, '3.30'),
(547, '105610062', 3, 8, '2.25'),
(548, '105610063', 3, 20, '2.65'),
(549, '105610066', 3, 18, '1.22'),
(550, '105610081', 3, 20, '2.75'),
(551, '105610083', 3, 16, '2.38'),
(552, '105610090', 3, 20, '2.70'),
(553, '105610091', 3, 20, '2.85'),
(554, '105610093', 3, 20, '2.60'),
(555, '105610097', 3, 16, '3.06'),
(556, '105610100', 3, 20, '2.80'),
(557, '105610101', 3, 20, '3.35'),
(558, '105610102', 3, 19, '2.95'),
(559, '105610104', 3, 20, '2.95'),
(560, '105610108', 3, 20, '2.35'),
(561, '105610109', 3, 24, '2.96'),
(562, '105610121', 3, 21, '2.48'),
(563, '105610132', 3, 19, '2.42'),
(564, '105610142', 3, 20, '2.95'),
(565, '105610147', 3, 20, '2.32'),
(566, '105610148', 3, 21, '2.86'),
(567, '105610150', 3, 20, '2.90'),
(568, '115610007', 3, 22, '3.55'),
(569, '115610017', 3, 24, '3.63'),
(570, '115610020', 3, 22, '3.27'),
(571, '115610023', 3, 24, '3.63'),
(572, '115610025', 3, 24, '3.50'),
(573, '115610026', 3, 21, '3.00'),
(574, '115610028', 3, 24, '3.67'),
(575, '115610032', 3, 24, '3.08'),
(576, '115610042', 3, 24, '3.08'),
(577, '115610051', 3, 24, '3.67'),
(578, '115610053', 3, 21, '2.71'),
(579, '115610055', 3, 18, '3.00'),
(580, '115610069', 3, 24, '3.79'),
(581, '115610090', 3, 24, '3.38'),
(582, '115610114', 3, 20, '3.50'),
(583, '115610116', 3, 21, '3.05'),
(584, '115610120', 3, 20, '3.00'),
(585, '125610023', 3, 21, '3.14'),
(586, '125610172', 3, 15, '1.07'),
(587, '125610202', 3, 17, '3.55'),
(588, '075610153', 3, 15, '0.80'),
(589, '085610121', 3, 20, '0.67'),
(590, '085610123', 3, 15, '2.07'),
(591, '085610165', 3, 16, '1.81'),
(592, '095610050', 3, 24, '3.33'),
(593, '095610063', 3, 12, '0.64'),
(594, '095610070', 3, 13, '2.69'),
(595, '095610090', 3, 18, '2.67'),
(596, '095610100', 3, 13, '1.62'),
(597, '095610143', 3, 19, '1.56'),
(598, '095610155', 3, 16, '1.87'),
(599, '105610054', 3, 20, '2.75'),
(600, '105610071', 3, 13, '2.54'),
(601, '105610078', 3, 21, '2.43'),
(602, '105610105', 3, 24, '3.00'),
(603, '105610112', 3, 20, '3.35'),
(604, '115610004', 3, 22, '3.18'),
(605, '115610008', 3, 20, '3.25'),
(606, '115610009', 3, 22, '3.36'),
(607, '115610011', 3, 20, '3.05'),
(608, '115610016', 3, 24, '3.00'),
(609, '115610021', 3, 18, '2.50'),
(610, '115610024', 3, 22, '3.14'),
(611, '115610047', 3, 20, '2.90'),
(612, '115610050', 3, 22, '3.23'),
(613, '115610052', 3, 24, '3.58'),
(614, '115610059', 3, 22, '2.36'),
(615, '115610071', 3, 16, '2.44'),
(616, '115610072', 3, 23, '2.48'),
(617, '115610073', 3, 21, '2.43'),
(618, '115610075', 3, 21, '2.43'),
(619, '115610081', 3, 21, '2.14'),
(620, '115610082', 3, 24, '2.38'),
(621, '115610084', 3, 24, '2.75'),
(622, '115610085', 3, 21, '3.00'),
(623, '115610091', 3, 21, '3.00'),
(624, '115610097', 3, 21, '2.86'),
(625, '115610112', 3, 22, '3.86'),
(626, '115610119', 3, 20, '2.90'),
(627, '055610025', 3, 15, '2.27'),
(628, '065610061', 3, 12, '1.17'),
(629, '075610064', 3, 13, '0.00'),
(630, '085610036', 3, 13, '2.00'),
(631, '085610072', 3, 20, '1.95'),
(632, '095610027', 3, 13, '0.00'),
(633, '095610098', 3, 16, '1.94'),
(634, '105610007', 3, 17, '2.69'),
(635, '105610044', 3, 20, '2.55'),
(636, '105610050', 3, 16, '2.50'),
(637, '105610057', 3, 16, '2.13'),
(638, '105610107', 3, 19, '2.32'),
(639, '115610036', 3, 21, '2.29'),
(640, '115610037', 3, 21, '2.71'),
(641, '115610040', 3, 20, '2.45'),
(642, '115610045', 3, 20, '2.20'),
(643, '115610046', 3, 24, '2.96'),
(644, '115610056', 3, 23, '2.57'),
(645, '115610058', 3, 21, '2.71'),
(646, '115610060', 3, 21, '2.95'),
(647, '115610083', 3, 21, '2.19'),
(648, '115610087', 3, 18, '2.20'),
(649, '115610092', 3, 18, '2.50'),
(650, '115610094', 3, 21, '2.48'),
(651, '115610103', 3, 23, '2.86'),
(652, '115610111', 3, 22, '3.59'),
(653, '115610133', 3, 20, '2.90'),
(654, '115610142', 3, 15, '2.27'),
(655, '115610144', 3, 24, '2.79'),
(656, '125610024', 3, 24, '3.17'),
(657, '125610037', 3, 24, '3.75'),
(658, '125610051', 3, 24, '3.92'),
(659, '125610054', 3, 24, '3.63'),
(660, '125610203', 3, 24, '3.75'),
(661, '125610220', 3, 13, '2.62'),
(662, '085610003', 3, 16, '1.33'),
(663, '085610080', 3, 12, '1.18'),
(664, '085610081', 3, 19, '1.05'),
(665, '095610036', 3, 16, '0.00'),
(666, '095610040', 3, 16, '1.56'),
(667, '115610005', 3, 21, '2.67'),
(668, '115610049', 3, 20, '3.25'),
(669, '115610068', 3, 18, '1.17'),
(670, '115610074', 3, 20, '2.10'),
(671, '125610004', 3, 20, '3.10'),
(672, '125610006', 3, 20, '2.90'),
(673, '125610022', 3, 24, '3.46'),
(674, '125610030', 3, 18, '2.44'),
(675, '125610035', 3, 16, '3.19'),
(676, '125610041', 3, 20, '3.05'),
(677, '125610065', 3, 24, '2.38'),
(678, '125610075', 3, 20, '2.50'),
(679, '125610092', 3, 20, '2.90'),
(680, '125610118', 3, 22, '3.82'),
(681, '125610123', 3, 22, '2.73'),
(682, '125610132', 3, 18, '3.44'),
(683, '125610139', 3, 21, '2.33'),
(684, '125610157', 3, 20, '3.35'),
(685, '125610159', 3, 24, '3.79'),
(686, '125610166', 3, 22, '3.23'),
(687, '125610167', 3, 18, '2.39'),
(688, '125610170', 3, 11, '3.64'),
(689, '125610176', 3, 20, '3.45'),
(690, '125610183', 3, 24, '3.75'),
(691, '125610185', 3, 20, '3.30'),
(692, '125610187', 3, 19, '3.16'),
(693, '125610199', 3, 20, '3.35'),
(694, '125610204', 3, 20, '3.45'),
(695, '125610206', 3, 20, '3.50'),
(696, '085610111', 3, 16, '0.44'),
(697, '085610118', 3, 20, '2.20'),
(698, '095610056', 3, 12, '0.00'),
(699, '095610122', 3, 11, '0.00'),
(700, '105610025', 3, 16, '2.38'),
(701, '105610058', 3, 21, '2.95'),
(702, '115610018', 3, 18, '3.06'),
(703, '115610066', 3, 16, '1.81'),
(704, '115610067', 3, 14, '1.43'),
(705, '115610106', 3, 16, '1.88'),
(706, '115610117', 3, 18, '2.50'),
(707, '125610014', 3, 20, '2.80'),
(708, '125610017', 3, 20, '2.95'),
(709, '125610025', 3, 22, '3.59'),
(710, '125610031', 3, 21, '2.81'),
(711, '125610036', 3, 20, '2.60'),
(712, '125610043', 3, 23, '3.04'),
(713, '125610059', 3, 21, '2.48'),
(714, '125610060', 3, 18, '3.39'),
(715, '125610072', 3, 24, '2.54'),
(716, '125610076', 3, 21, '2.85'),
(717, '125610077', 3, 18, '2.50'),
(718, '125610080', 3, 20, '3.05'),
(719, '125610081', 3, 18, '2.67'),
(720, '125610095', 3, 18, '2.44'),
(721, '125610096', 3, 18, '2.35'),
(722, '125610098', 3, 18, '2.33'),
(723, '125610115', 3, 20, '3.20'),
(724, '125610120', 3, 18, '2.44'),
(725, '125610121', 3, 20, '3.00'),
(726, '125610125', 3, 23, '2.91'),
(727, '125610128', 3, 20, '3.35'),
(728, '125610130', 3, 20, '3.15'),
(729, '125610131', 3, 16, '2.63'),
(730, '125610134', 3, 20, '3.55'),
(731, '125610136', 3, 18, '2.83'),
(732, '125610140', 3, 20, '2.70'),
(733, '125610141', 3, 18, '2.39'),
(734, '125610142', 3, 20, '3.05'),
(735, '125610150', 3, 9, '3.00'),
(736, '125610173', 3, 22, '3.00'),
(737, '125610175', 3, 20, '2.35'),
(738, '125610193', 3, 20, '2.85'),
(739, '125610194', 3, 20, '3.35'),
(740, '125610216', 3, 20, '3.05'),
(741, '125610228', 3, 22, '3.05'),
(742, '135610008', 3, 24, '3.58'),
(743, '135610017', 3, 24, '3.04'),
(744, '135610019', 3, 22, '2.86'),
(745, '135610027', 3, 24, '3.75'),
(746, '135610046', 3, 22, '3.82'),
(747, '135610048', 3, 22, '3.64'),
(748, '135610075', 3, 24, '3.50'),
(749, '135610082', 3, 24, '3.33'),
(750, '135610123', 3, 22, '3.36'),
(751, '135610140', 3, 24, '3.29'),
(752, '135610152', 3, 20, '3.60'),
(753, '135610157', 3, 23, '3.26'),
(754, '085610034', 3, 13, '0.00'),
(755, '095610111', 3, 13, '1.62'),
(756, '095610116', 3, 16, '0.00'),
(757, '105610080', 3, 21, '2.29'),
(758, '105610087', 3, 13, '1.92'),
(759, '115610022', 3, 16, '2.43'),
(760, '115610062', 3, 18, '1.59'),
(761, '115610118', 3, 20, '2.80'),
(762, '125610042', 3, 18, '2.50'),
(763, '125610050', 3, 20, '2.90'),
(764, '125610055', 3, 16, '2.19'),
(765, '125610056', 3, 18, '2.39'),
(766, '125610069', 3, 20, '2.35'),
(767, '125610083', 3, 18, '2.61'),
(768, '125610084', 3, 20, '2.95'),
(769, '125610088', 3, 18, '2.28'),
(770, '125610106', 3, 16, '2.13'),
(771, '125610122', 3, 18, '2.28'),
(772, '125610129', 3, 13, '1.85'),
(773, '125610133', 3, 18, '2.50'),
(774, '125610135', 3, 18, '2.39'),
(775, '125610143', 3, 23, '2.70'),
(776, '125610146', 3, 20, '3.25'),
(777, '125610155', 3, 20, '2.35'),
(778, '125610163', 3, 13, '2.08'),
(779, '125610178', 3, 17, '2.76'),
(780, '135610012', 3, 23, '2.65'),
(781, '135610025', 3, 24, '3.04'),
(782, '135610026', 3, 22, '3.50'),
(783, '135610034', 3, 21, '2.76'),
(784, '135610039', 3, 21, '2.43'),
(785, '135610058', 3, 18, '2.44'),
(786, '135610064', 3, 22, '2.68'),
(787, '135610072', 3, 22, '3.55'),
(788, '135610077', 3, 24, '2.92'),
(789, '135610089', 3, 18, '2.00'),
(790, '135610113', 3, 19, '2.95'),
(791, '135610116', 3, 21, '2.86'),
(792, '135610126', 3, 24, '3.08'),
(793, '135610160', 3, 21, '3.05'),
(794, '135610162', 3, 24, '3.25'),
(795, '135610166', 3, 18, '3.28'),
(796, '035610050', 4, 11, '0.44'),
(797, '075610039', 4, 19, '2.15'),
(798, '085610112', 4, 16, '2.44'),
(799, '085610137', 4, 13, '1.08'),
(800, '095610017', 4, 21, '2.86'),
(801, '095610037', 4, 20, '2.10'),
(802, '095610048', 4, 13, '2.15'),
(803, '095610059', 4, 16, '1.44'),
(804, '095610066', 4, 21, '2.14'),
(805, '095610069', 4, 20, '1.75'),
(806, '095610083', 4, 16, '1.81'),
(807, '095610094', 4, 20, '1.80'),
(808, '095610104', 4, 20, '2.75'),
(809, '095610172', 4, 20, '0.50'),
(810, '105610004', 4, 22, '2.14'),
(811, '105610015', 4, 24, '2.92'),
(812, '105610062', 4, 20, '3.20'),
(813, '105610063', 4, 20, '2.05'),
(814, '105610066', 4, 13, '2.15'),
(815, '105610081', 4, 20, '2.65'),
(816, '105610083', 4, 18, '2.67'),
(817, '105610090', 4, 21, '2.48'),
(818, '105610091', 4, 21, '2.67'),
(819, '105610093', 4, 19, '2.84'),
(820, '105610097', 4, 21, '3.24'),
(821, '105610100', 4, 21, '2.52'),
(822, '105610101', 4, 21, '3.05'),
(823, '105610102', 4, 21, '3.19'),
(824, '105610104', 4, 21, '3.10'),
(825, '105610108', 4, 20, '2.90'),
(826, '105610109', 4, 21, '3.29'),
(827, '105610121', 4, 20, '2.60'),
(828, '105610132', 4, 20, '3.10'),
(829, '105610142', 4, 21, '2.76'),
(830, '105610147', 4, 21, '2.80'),
(831, '105610148', 4, 20, '2.95'),
(832, '105610150', 4, 21, '2.90'),
(833, '115610007', 4, 21, '3.48'),
(834, '115610017', 4, 24, '3.29'),
(835, '115610020', 4, 23, '2.83'),
(836, '115610023', 4, 24, '3.71'),
(837, '115610025', 4, 24, '3.63'),
(838, '115610026', 4, 20, '3.00'),
(839, '115610028', 4, 24, '3.42'),
(840, '115610032', 4, 23, '3.30'),
(841, '115610042', 4, 24, '3.29'),
(842, '115610051', 4, 24, '3.54'),
(843, '115610053', 4, 24, '2.79'),
(844, '115610055', 4, 21, '2.90'),
(845, '115610069', 4, 24, '3.71'),
(846, '115610090', 4, 22, '3.14'),
(847, '115610114', 4, 22, '3.68'),
(848, '115610116', 4, 24, '3.29'),
(849, '115610120', 4, 23, '3.30'),
(850, '125610023', 4, 18, '2.83'),
(851, '125610172', 4, 12, '3.27'),
(852, '125610202', 4, 10, '4.00'),
(853, '075610153', 4, 12, '1.58'),
(854, '085610121', 4, 13, '1.92'),
(855, '085610123', 4, 20, '0.60'),
(856, '085610165', 4, 20, '1.90'),
(857, '095610050', 4, 23, '2.78'),
(858, '095610063', 4, 12, '1.67'),
(859, '095610070', 4, 20, '1.75'),
(860, '095610090', 4, 21, '3.29'),
(861, '095610100', 4, 12, '1.42'),
(862, '095610143', 4, 11, '1.82'),
(863, '095610155', 4, 16, '1.63'),
(864, '105610054', 4, 20, '2.80'),
(865, '105610071', 4, 21, '2.62'),
(866, '105610078', 4, 20, '1.95'),
(867, '105610105', 4, 21, '2.71'),
(868, '105610112', 4, 22, '3.41'),
(869, '115610004', 4, 24, '2.96'),
(870, '115610008', 4, 22, '2.95'),
(871, '115610009', 4, 23, '3.09'),
(872, '115610011', 4, 24, '3.21'),
(873, '115610016', 4, 24, '3.33'),
(874, '115610021', 4, 21, '2.62'),
(875, '115610024', 4, 23, '2.96'),
(876, '115610047', 4, 20, '2.90'),
(877, '115610050', 4, 21, '3.14'),
(878, '115610052', 4, 24, '3.50'),
(879, '115610059', 4, 18, '1.72'),
(880, '115610071', 4, 18, '3.11'),
(881, '115610072', 4, 18, '2.56'),
(882, '115610073', 4, 18, '3.39'),
(883, '115610075', 4, 20, '2.20'),
(884, '115610081', 4, 18, '2.33'),
(885, '115610082', 4, 18, '2.78'),
(886, '115610084', 4, 20, '2.15'),
(887, '115610085', 4, 24, '2.88'),
(888, '115610091', 4, 21, '2.71'),
(889, '115610097', 4, 21, '2.38'),
(890, '115610112', 4, 21, '3.29'),
(891, '115610119', 4, 21, '3.29'),
(892, '055610025', 4, 18, '2.64'),
(893, '065610061', 4, 12, '1.50'),
(894, '075610064', 4, 13, '0.92'),
(895, '085610036', 4, 17, '1.94'),
(896, '085610072', 4, 18, '1.56'),
(897, '095610027', 4, 13, '1.69'),
(898, '095610098', 4, 15, '2.20'),
(899, '105610007', 4, 19, '2.07'),
(900, '105610044', 4, 20, '2.10'),
(901, '105610050', 4, 19, '2.16'),
(902, '105610057', 4, 19, '2.74'),
(903, '105610107', 4, 20, '2.57'),
(904, '115610036', 4, 18, '2.89'),
(905, '115610037', 4, 21, '2.90'),
(906, '115610040', 4, 18, '3.00'),
(907, '115610045', 4, 17, '2.88'),
(908, '115610046', 4, 21, '2.67'),
(909, '115610056', 4, 20, '2.75'),
(910, '115610058', 4, 21, '2.71'),
(911, '115610060', 4, 22, '2.32'),
(912, '115610083', 4, 18, '2.89'),
(913, '115610087', 4, 18, '1.83'),
(914, '115610092', 4, 21, '2.48'),
(915, '115610094', 4, 21, '2.48'),
(916, '115610103', 4, 20, '2.80'),
(917, '115610111', 4, 21, '3.33'),
(918, '115610133', 4, 20, '2.45'),
(919, '115610142', 4, 12, '2.67'),
(920, '115610144', 4, 20, '2.00'),
(921, '125610024', 4, 24, '3.29'),
(922, '125610037', 4, 24, '3.42'),
(923, '125610051', 4, 24, '3.58'),
(924, '125610054', 4, 23, '3.52'),
(925, '125610203', 4, 24, '3.38'),
(926, '125610220', 4, 9, '2.33'),
(927, '085610003', 4, 18, '2.44'),
(928, '085610080', 4, 20, '0.00'),
(929, '085610081', 4, 13, '0.58'),
(930, '095610036', 4, 13, '0.62'),
(931, '095610040', 4, 16, '1.69'),
(932, '115610005', 4, 21, '3.05'),
(933, '115610049', 4, 20, '2.80'),
(934, '115610068', 4, 16, '0.36'),
(935, '115610074', 4, 18, '2.39'),
(936, '125610004', 4, 23, '3.13'),
(937, '125610006', 4, 24, '3.50'),
(938, '125610022', 4, 23, '3.43'),
(939, '125610030', 4, 18, '2.61'),
(940, '125610035', 4, 24, '3.50'),
(941, '125610041', 4, 23, '3.26'),
(942, '125610065', 4, 19, '2.74'),
(943, '125610075', 4, 21, '2.71'),
(944, '125610092', 4, 20, '2.75'),
(945, '125610118', 4, 21, '3.62'),
(946, '125610123', 4, 21, '3.24'),
(947, '125610132', 4, 22, '2.55'),
(948, '125610139', 4, 19, '2.79'),
(949, '125610157', 4, 23, '2.57'),
(950, '125610159', 4, 19, '3.65'),
(951, '125610166', 4, 23, '3.00'),
(952, '125610167', 4, 18, '3.17'),
(953, '125610170', 4, 10, '3.50'),
(954, '125610176', 4, 23, '3.43'),
(955, '125610183', 4, 24, '3.83'),
(956, '125610185', 4, 23, '3.57'),
(957, '125610187', 4, 22, '3.18'),
(958, '125610199', 4, 23, '2.96'),
(959, '125610204', 4, 22, '3.17'),
(960, '125610206', 4, 21, '3.14'),
(961, '085610111', 4, 13, '1.82'),
(962, '085610118', 4, 17, '1.88'),
(963, '095610056', 4, 11, '1.09'),
(964, '095610122', 4, 12, '2.25'),
(965, '105610025', 4, 21, '1.65'),
(966, '105610058', 4, 21, '3.10'),
(967, '115610018', 4, 24, '2.00'),
(968, '115610066', 4, 15, '2.93'),
(969, '115610067', 4, 16, '2.44'),
(970, '115610106', 4, 13, '2.23'),
(971, '115610117', 4, 17, '1.65'),
(972, '125610014', 4, 20, '2.55'),
(973, '125610017', 4, 20, '2.55'),
(974, '125610025', 4, 24, '3.54'),
(975, '125610031', 4, 23, '2.96'),
(976, '125610036', 4, 21, '3.29'),
(977, '125610043', 4, 23, '2.78'),
(978, '125610059', 4, 18, '2.39'),
(979, '125610060', 4, 21, '3.00'),
(980, '125610072', 4, 21, '2.43'),
(981, '125610076', 4, 21, '2.76'),
(982, '125610077', 4, 21, '2.76'),
(983, '125610080', 4, 23, '3.26'),
(984, '125610081', 4, 21, '3.33'),
(985, '125610095', 4, 17, '2.29'),
(986, '125610096', 4, 20, '2.94'),
(987, '125610098', 4, 18, '2.50'),
(988, '125610115', 4, 21, '2.38'),
(989, '125610120', 4, 18, '2.33'),
(990, '125610121', 4, 23, '2.48'),
(991, '125610125', 4, 21, '3.24'),
(992, '125610128', 4, 23, '3.00'),
(993, '125610130', 4, 23, '2.83'),
(994, '125610131', 4, 20, '2.85'),
(995, '125610134', 4, 22, '3.23'),
(996, '125610136', 4, 21, '2.86'),
(997, '125610140', 4, 20, '2.35'),
(998, '125610141', 4, 17, '2.65'),
(999, '125610142', 4, 22, '2.55'),
(1000, '125610150', 4, 22, '2.95'),
(1001, '125610173', 4, 21, '3.10'),
(1002, '125610175', 4, 18, '2.61'),
(1003, '125610193', 4, 21, '2.60'),
(1004, '125610194', 4, 23, '2.96'),
(1005, '125610216', 4, 22, '2.36'),
(1006, '125610228', 4, 23, '3.52'),
(1007, '135610008', 4, 24, '3.73'),
(1008, '135610017', 4, 24, '3.13'),
(1009, '135610019', 4, 21, '3.19'),
(1010, '135610027', 4, 23, '3.43'),
(1011, '135610046', 4, 23, '3.74'),
(1012, '135610048', 4, 23, '3.22'),
(1013, '135610075', 4, 23, '3.13'),
(1014, '135610082', 4, 23, '3.22'),
(1015, '135610123', 4, 22, '3.68'),
(1016, '135610140', 4, 24, '3.33'),
(1017, '135610152', 4, 24, '3.42'),
(1018, '135610157', 4, 21, '3.67'),
(1019, '085610034', 4, 16, '1.13'),
(1020, '095610111', 4, 15, '0.13'),
(1021, '095610116', 4, 15, '2.20'),
(1022, '105610080', 4, 15, '1.54'),
(1023, '105610087', 4, 21, '2.57'),
(1024, '115610022', 4, 21, '1.90'),
(1025, '115610062', 4, 13, '1.15'),
(1026, '115610118', 4, 21, '2.33'),
(1027, '125610042', 4, 21, '2.52'),
(1028, '125610050', 4, 24, '2.67'),
(1029, '125610055', 4, 18, '2.00'),
(1030, '125610056', 4, 18, '1.72'),
(1031, '125610069', 4, 19, '1.26'),
(1032, '125610083', 4, 20, '2.50'),
(1033, '125610084', 4, 21, '2.19'),
(1034, '125610088', 4, 18, '3.17'),
(1035, '125610106', 4, 18, '1.28'),
(1036, '125610122', 4, 18, '2.56'),
(1037, '125610129', 4, 13, '2.14'),
(1038, '125610133', 4, 21, '0.00'),
(1039, '125610135', 4, 18, '2.39'),
(1040, '125610143', 4, 21, '2.95'),
(1041, '125610146', 4, 23, '3.04'),
(1042, '125610155', 4, 18, '2.72'),
(1043, '125610163', 4, 16, '1.81'),
(1044, '125610178', 4, 21, '2.71'),
(1045, '135610012', 4, 20, '3.00'),
(1046, '135610025', 4, 22, '3.18'),
(1047, '135610026', 4, 20, '3.90'),
(1048, '135610034', 4, 21, '2.81'),
(1049, '135610039', 4, 18, '3.06'),
(1050, '135610058', 4, 18, '2.56'),
(1051, '135610064', 4, 20, '2.65'),
(1052, '135610072', 4, 23, '3.57'),
(1053, '135610077', 4, 21, '3.10'),
(1054, '135610089', 4, 18, '2.94'),
(1055, '135610113', 4, 21, '2.86'),
(1056, '135610116', 4, 20, '2.95'),
(1057, '135610126', 4, 23, '3.52'),
(1058, '135610160', 4, 22, '2.59'),
(1059, '135610162', 4, 24, '3.13'),
(1060, '135610166', 4, 23, '3.26'),
(1065, '165610122', 1, 21, '3.83'),
(1066, '165610122', 2, 23, '3.73'),
(1067, '165610122', 3, 16, '3.50'),
(1068, '165610122', 4, 17, '3.10');

-- --------------------------------------------------------

--
-- Struktur dari tabel `prediksi`
--

CREATE TABLE `prediksi` (
  `id_prediksi` int(11) NOT NULL,
  `nim` char(9) DEFAULT NULL,
  `nilaiK` int(2) NOT NULL,
  `hasil_prediksi` enum('LC','LT') DEFAULT NULL
) ENGINE=InnoDB DEFAULT CHARSET=latin1;

--
-- Dumping data untuk tabel `prediksi`
--

INSERT INTO `prediksi` (`id_prediksi`, `nim`, `nilaiK`, `hasil_prediksi`) VALUES
(2, '165610122', 5, 'LT'),
(3, '165610122', 5, 'LT');

-- --------------------------------------------------------

--
-- Struktur dari tabel `user`
--

CREATE TABLE `user` (
  `id_user` int(3) NOT NULL,
  `nm_user` varchar(40) NOT NULL,
  `username` varchar(20) DEFAULT NULL,
  `password` varchar(10) DEFAULT NULL,
  `level` int(1) DEFAULT NULL
) ENGINE=InnoDB DEFAULT CHARSET=latin1;

--
-- Dumping data untuk tabel `user`
--

INSERT INTO `user` (`id_user`, `nm_user`, `username`, `password`, `level`) VALUES
(4, 'Deborah Kurniawati', 'kaprodi1', 'kaprodi1', 2),
(5, 'admin yuli', 'admin', 'admin1', 1),
(9, 'Cosmas Haryawan, S.TP, S.Kom.,', '51150', '51150', 3),
(10, 'aku', '123', '123', 3),
(11, 'Sri YUliyanti', '1234567', '1234567', 4),
(12, 'Sri Yuliyanti', '165610122', '165610122', 4);

-- --------------------------------------------------------

--
-- Struktur dari tabel `wali`
--

CREATE TABLE `wali` (
  `id_wali` int(15) NOT NULL,
  `nama_wali` varchar(30) DEFAULT NULL
) ENGINE=InnoDB DEFAULT CHARSET=latin1;

--
-- Dumping data untuk tabel `wali`
--

INSERT INTO `wali` (`id_wali`, `nama_wali`) VALUES
(123, 'aku'),
(51150, 'Cosmas Haryawan, S.TP, S.Kom.,'),
(921041, 'Dara Kusumawati, S.E, M.M.'),
(921042, 'Deborah Kurniawati, S.Kom., M.'),
(132312490, 'Emy Susanti,S.Kom., M.Cs.'),
(132312055, 'F.X. Henry Nugroho, S.Kom., M.'),
(2, 'Fx. Henry Nugroh'),
(3, 'M.S Adnan S.Kom'),
(0, 'nama_wali'),
(132315076, 'Pulut Suryati'),
(123456789, 'Sri Yuliyanti'),
(151194, 'Sur Yanti, S.E., M.Sc.'),
(1234567892, 'WALI 2');

--
-- Indexes for dumped tables
--

--
-- Indexes for table `mahasiswa`
--
ALTER TABLE `mahasiswa`
  ADD PRIMARY KEY (`nim`),
  ADD KEY `FK_mahasiswa` (`id_wali`);

--
-- Indexes for table `nilai_semester`
--
ALTER TABLE `nilai_semester`
  ADD PRIMARY KEY (`id_nilai`),
  ADD KEY `FK_nilai_semester` (`nim`);

--
-- Indexes for table `prediksi`
--
ALTER TABLE `prediksi`
  ADD PRIMARY KEY (`id_prediksi`),
  ADD KEY `FK_prediksi` (`nim`);

--
-- Indexes for table `user`
--
ALTER TABLE `user`
  ADD PRIMARY KEY (`id_user`);

--
-- Indexes for table `wali`
--
ALTER TABLE `wali`
  ADD PRIMARY KEY (`id_wali`),
  ADD UNIQUE KEY `id_wali` (`id_wali`),
  ADD KEY `nama_wali` (`nama_wali`),
  ADD KEY `id_wali_2` (`id_wali`);

--
-- AUTO_INCREMENT for dumped tables
--

--
-- AUTO_INCREMENT for table `nilai_semester`
--
ALTER TABLE `nilai_semester`
  MODIFY `id_nilai` int(11) NOT NULL AUTO_INCREMENT, AUTO_INCREMENT=1069;
--
-- AUTO_INCREMENT for table `prediksi`
--
ALTER TABLE `prediksi`
  MODIFY `id_prediksi` int(11) NOT NULL AUTO_INCREMENT, AUTO_INCREMENT=4;
--
-- AUTO_INCREMENT for table `user`
--
ALTER TABLE `user`
  MODIFY `id_user` int(3) NOT NULL AUTO_INCREMENT, AUTO_INCREMENT=13;
--
-- Ketidakleluasaan untuk tabel pelimpahan (Dumped Tables)
--

--
-- Ketidakleluasaan untuk tabel `mahasiswa`
--
ALTER TABLE `mahasiswa`
  ADD CONSTRAINT `FK_mahasiswa` FOREIGN KEY (`id_wali`) REFERENCES `wali` (`id_wali`) ON DELETE CASCADE;

--
-- Ketidakleluasaan untuk tabel `prediksi`
--
ALTER TABLE `prediksi`
  ADD CONSTRAINT `FK_prediksi` FOREIGN KEY (`nim`) REFERENCES `mahasiswa` (`nim`) ON DELETE CASCADE;

/*!40101 SET CHARACTER_SET_CLIENT=@OLD_CHARACTER_SET_CLIENT */;
/*!40101 SET CHARACTER_SET_RESULTS=@OLD_CHARACTER_SET_RESULTS */;
/*!40101 SET COLLATION_CONNECTION=@OLD_COLLATION_CONNECTION */;
